{"cameraMode":{"drawMode":0,"name":"Shaded","section":"Shading Mode"},"sceneLighting":true,"audioPlay":false,"sceneViewState":{"showFog":true,"showMaterialUpdate":false,"showSkybox":true,"showFlares":true,"showImageEffects":true,"showParticleSystems":true},"in2DMode":false,"pivot":{"x":6.064996719360352,"y":-3.969437599182129,"z":1.9102611541748047},"rotation":{"x":0.09368082880973816,"y":-0.11917810142040253,"z":0.011295986361801625,"w":0.9883789420127869},"size":11.289778709411621,"orthographic":false}