{"cameraMode":{"drawMode":0,"name":"Shaded","section":"Shading Mode"},"sceneLighting":true,"audioPlay":false,"sceneViewState":{"showFog":true,"showMaterialUpdate":false,"showSkybox":true,"showFlares":true,"showImageEffects":true,"showParticleSystems":true},"in2DMode":false,"pivot":{"x":3.0214595794677736,"y":-6.645900726318359,"z":-3.316805839538574},"rotation":{"x":0.10681244730949402,"y":0.8920065760612488,"z":-0.3342236280441284,"w":0.28503739833831789},"size":12.898468971252442,"orthographic":false}